source_type,column,rows,present_rows,coverage_pct
book series,source_dataset,2047,2047,100.0
book series,source_institution_id,2047,72,3.52
book series,source_record_id,2047,2047,100.0
book series,source_datestamp,2047,72,3.52
book series,openalex_id,2047,2047,100.0
book series,doi,2047,2047,100.0
book series,url,2047,2047,100.0
book series,pdf_url,2047,62,3.03
book series,title,2047,2047,100.0
book series,abstract,2047,369,18.03
book series,keywords,2047,71,3.47
book series,publication_year,2047,2047,100.0
book series,publication_date,2047,2047,100.0
book series,type,2047,2047,100.0
book series,authors,2047,2047,100.0
book series,author_count,2047,2047,100.0
book series,author_affiliations,2047,2047,100.0
book series,author_orcids,2047,448,21.89
book series,sri_lankan_authors,2047,2047,100.0
book series,contributors,2047,11,0.54
book series,institutions,2047,2047,100.0
book series,sri_lankan_institutions,2047,2047,100.0
book series,countries,2047,2047,100.0
book series,publisher,2047,2047,100.0
book series,journal,2047,2047,100.0
book series,source_type,2047,2047,100.0
book series,issn,2047,2023,98.83
book series,issn_l,2047,2023,98.83
book series,volume,2047,144,7.03
book series,issue,2047,9,0.44
book series,first_page,2047,1993,97.36
book series,last_page,2047,1993,97.36
book series,article_number,2047,6,0.29
book series,language,2047,2047,100.0
book series,license,2047,127,6.2
book series,license_url,2047,1804,88.13
book series,oa_status,2047,2047,100.0
book series,is_oa,2047,2047,100.0
book series,citation_count,2047,2047,100.0
book series,reference_count,2047,2047,100.0
book series,concepts,2047,2047,100.0
book series,topics,2047,2045,99.9
book series,primary_topic,2047,2045,99.9
book series,primary_field,2047,2045,99.9
book series,primary_subfield,2047,2045,99.9
book series,primary_domain,2047,2045,99.9
book series,funder_name,2047,4,0.2
book series,funder_doi,2047,4,0.2
book series,funder_identifier,2047,4,0.2
book series,funder_award,2047,3,0.15
book series,source_set_specs,2047,60,2.93
book series,raw_identifiers,2047,72,3.52
book series,citation_count_difference_oa_minus_crossref,2047,2037,99.51
book series,citation_count_divergence_flag,2047,2037,99.51
book series,reference_count_difference_oa_minus_crossref,2047,2037,99.51
book series,reference_count_divergence_flag,2047,2037,99.51
book series,title_search_text,2047,2047,100.0
book series,abstract_search_text,2047,369,18.03
book series,abstract_missing_flag,2047,2047,100.0
book series,keywords_search_text,2047,71,3.47
book series,funder_name_missing_flag,2047,2047,100.0
book series,funder_doi_missing_flag,2047,2047,100.0
book series,funder_identifier_missing_flag,2047,2047,100.0
book series,funder_award_missing_flag,2047,2047,100.0
book series,license_missing_flag,2047,2047,100.0
book series,license_url_missing_flag,2047,2047,100.0
book series,pdf_url_missing_flag,2047,2047,100.0
book series,author_orcids_missing_flag,2047,2047,100.0
book series,article_number_missing_flag,2047,2047,100.0
book series,authors_clean,2047,2047,100.0
book series,author_disambiguation_available_flag,2047,2047,100.0
conference,source_dataset,932,932,100.0
conference,source_institution_id,932,296,31.76
conference,source_record_id,932,932,100.0
conference,source_datestamp,932,296,31.76
conference,openalex_id,932,932,100.0
conference,doi,932,836,89.7
conference,url,932,932,100.0
conference,pdf_url,932,226,24.25
conference,title,932,932,100.0
conference,abstract,932,419,44.96
conference,keywords,932,295,31.65
conference,publication_year,932,932,100.0
conference,publication_date,932,932,100.0
conference,type,932,932,100.0
conference,authors,932,932,100.0
conference,author_count,932,932,100.0
conference,author_affiliations,932,932,100.0
conference,author_orcids,932,7,0.75
conference,sri_lankan_authors,932,932,100.0
conference,contributors,932,137,14.7
conference,institutions,932,932,100.0
conference,sri_lankan_institutions,932,932,100.0
conference,countries,932,932,100.0
conference,publisher,932,829,88.95
conference,journal,932,932,100.0
conference,source_type,932,932,100.0
conference,issn,932,282,30.26
conference,issn_l,932,282,30.26
conference,volume,932,301,32.3
conference,issue,932,99,10.62
conference,first_page,932,805,86.37
conference,last_page,932,802,86.05
conference,article_number,932,5,0.54
conference,language,932,932,100.0
conference,license,932,144,15.45
conference,license_url,932,603,64.7
conference,oa_status,932,932,100.0
conference,is_oa,932,932,100.0
conference,citation_count,932,932,100.0
conference,reference_count,932,932,100.0
conference,concepts,932,932,100.0
conference,topics,932,932,100.0
conference,primary_topic,932,932,100.0
conference,primary_field,932,932,100.0
conference,primary_subfield,932,932,100.0
conference,primary_domain,932,932,100.0
conference,funder_name,932,77,8.26
conference,funder_doi,932,77,8.26
conference,funder_identifier,932,77,8.26
conference,funder_award,932,8,0.86
conference,source_set_specs,932,291,31.22
conference,raw_identifiers,932,296,31.76
conference,citation_count_difference_oa_minus_crossref,932,829,88.95
conference,citation_count_divergence_flag,932,829,88.95
conference,reference_count_difference_oa_minus_crossref,932,829,88.95
conference,reference_count_divergence_flag,932,829,88.95
conference,title_search_text,932,932,100.0
conference,abstract_search_text,932,419,44.96
conference,abstract_missing_flag,932,932,100.0
conference,keywords_search_text,932,295,31.65
conference,funder_name_missing_flag,932,932,100.0
conference,funder_doi_missing_flag,932,932,100.0
conference,funder_identifier_missing_flag,932,932,100.0
conference,funder_award_missing_flag,932,932,100.0
conference,license_missing_flag,932,932,100.0
conference,license_url_missing_flag,932,932,100.0
conference,pdf_url_missing_flag,932,932,100.0
conference,author_orcids_missing_flag,932,932,100.0
conference,article_number_missing_flag,932,932,100.0
conference,authors_clean,932,932,100.0
conference,author_disambiguation_available_flag,932,932,100.0
ebook platform,source_dataset,816,816,100.0
ebook platform,source_institution_id,816,7,0.86
ebook platform,source_record_id,816,816,100.0
ebook platform,source_datestamp,816,7,0.86
ebook platform,openalex_id,816,816,100.0
ebook platform,doi,816,814,99.75
ebook platform,url,816,816,100.0
ebook platform,pdf_url,816,57,6.99
ebook platform,title,816,816,100.0
ebook platform,abstract,816,132,16.18
ebook platform,keywords,816,7,0.86
ebook platform,publication_year,816,816,100.0
ebook platform,publication_date,816,816,100.0
ebook platform,type,816,816,100.0
ebook platform,authors,816,816,100.0
ebook platform,author_count,816,816,100.0
ebook platform,author_affiliations,816,816,100.0
ebook platform,author_orcids,816,43,5.27
ebook platform,sri_lankan_authors,816,816,100.0
ebook platform,contributors,816,0,0.0
ebook platform,institutions,816,816,100.0
ebook platform,sri_lankan_institutions,816,816,100.0
ebook platform,countries,816,816,100.0
ebook platform,publisher,816,813,99.63
ebook platform,journal,816,816,100.0
ebook platform,source_type,816,816,100.0
ebook platform,issn,816,9,1.1
ebook platform,issn_l,816,9,1.1
ebook platform,volume,816,0,0.0
ebook platform,issue,816,0,0.0
ebook platform,first_page,816,735,90.07
ebook platform,last_page,816,735,90.07
ebook platform,article_number,816,0,0.0
ebook platform,language,816,816,100.0
ebook platform,license,816,59,7.23
ebook platform,license_url,816,546,66.91
ebook platform,oa_status,816,816,100.0
ebook platform,is_oa,816,816,100.0
ebook platform,citation_count,816,816,100.0
ebook platform,reference_count,816,816,100.0
ebook platform,concepts,816,800,98.04
ebook platform,topics,816,759,93.01
ebook platform,primary_topic,816,759,93.01
ebook platform,primary_field,816,759,93.01
ebook platform,primary_subfield,816,759,93.01
ebook platform,primary_domain,816,759,93.01
ebook platform,funder_name,816,0,0.0
ebook platform,funder_doi,816,0,0.0
ebook platform,funder_identifier,816,0,0.0
ebook platform,funder_award,816,0,0.0
ebook platform,source_set_specs,816,4,0.49
ebook platform,raw_identifiers,816,7,0.86
ebook platform,citation_count_difference_oa_minus_crossref,816,809,99.14
ebook platform,citation_count_divergence_flag,816,809,99.14
ebook platform,reference_count_difference_oa_minus_crossref,816,809,99.14
ebook platform,reference_count_divergence_flag,816,809,99.14
ebook platform,title_search_text,816,816,100.0
ebook platform,abstract_search_text,816,132,16.18
ebook platform,abstract_missing_flag,816,816,100.0
ebook platform,keywords_search_text,816,7,0.86
ebook platform,funder_name_missing_flag,816,816,100.0
ebook platform,funder_doi_missing_flag,816,816,100.0
ebook platform,funder_identifier_missing_flag,816,816,100.0
ebook platform,funder_award_missing_flag,816,816,100.0
ebook platform,license_missing_flag,816,816,100.0
ebook platform,license_url_missing_flag,816,816,100.0
ebook platform,pdf_url_missing_flag,816,816,100.0
ebook platform,author_orcids_missing_flag,816,816,100.0
ebook platform,article_number_missing_flag,816,816,100.0
ebook platform,authors_clean,816,816,100.0
ebook platform,author_disambiguation_available_flag,816,816,100.0
journal,source_dataset,56553,56553,100.0
journal,source_institution_id,56553,19866,35.13
journal,source_record_id,56553,56553,100.0
journal,source_datestamp,56553,19866,35.13
journal,openalex_id,56553,47742,84.42
journal,doi,56553,56235,99.44
journal,url,56553,56553,100.0
journal,pdf_url,56553,26147,46.23
journal,title,56553,56543,99.98
journal,abstract,56553,32183,56.91
journal,keywords,56553,2093,3.7
journal,publication_year,56553,56553,100.0
journal,publication_date,56553,56553,100.0
journal,type,56553,56553,100.0
journal,authors,56553,56550,99.99
journal,author_count,56553,47742,84.42
journal,author_affiliations,56553,47742,84.42
journal,author_orcids,56553,19191,33.93
journal,sri_lankan_authors,56553,47742,84.42
journal,contributors,56553,5,0.01
journal,institutions,56553,47742,84.42
journal,sri_lankan_institutions,56553,47742,84.42
journal,countries,56553,47742,84.42
journal,publisher,56553,56264,99.49
journal,journal,56553,56553,100.0
journal,source_type,56553,56553,100.0
journal,issn,56553,47470,83.94
journal,issn_l,56553,47470,83.94
journal,volume,56553,45229,79.98
journal,issue,56553,37452,66.22
journal,first_page,56553,41853,74.01
journal,last_page,56553,41830,73.97
journal,article_number,56553,10120,17.89
journal,language,56553,56553,100.0
journal,license,56553,28353,50.14
journal,license_url,56553,28475,50.35
journal,oa_status,56553,56553,100.0
journal,is_oa,56553,47742,84.42
journal,citation_count,56553,47742,84.42
journal,reference_count,56553,47742,84.42
journal,concepts,56553,47713,84.37
journal,topics,56553,47715,84.37
journal,primary_topic,56553,47715,84.37
journal,primary_field,56553,47715,84.37
journal,primary_subfield,56553,47715,84.37
journal,primary_domain,56553,47715,84.37
journal,funder_name,56553,10090,17.84
journal,funder_doi,56553,7945,14.05
journal,funder_identifier,56553,7957,14.07
journal,funder_award,56553,7096,12.55
journal,source_set_specs,56553,1603,2.83
journal,raw_identifiers,56553,19866,35.13
journal,citation_count_difference_oa_minus_crossref,56553,47197,83.46
journal,citation_count_divergence_flag,56553,47197,83.46
journal,reference_count_difference_oa_minus_crossref,56553,47197,83.46
journal,reference_count_divergence_flag,56553,47197,83.46
journal,title_search_text,56553,56543,99.98
journal,abstract_search_text,56553,32183,56.91
journal,abstract_missing_flag,56553,56553,100.0
journal,keywords_search_text,56553,2093,3.7
journal,funder_name_missing_flag,56553,56553,100.0
journal,funder_doi_missing_flag,56553,56553,100.0
journal,funder_identifier_missing_flag,56553,56553,100.0
journal,funder_award_missing_flag,56553,56553,100.0
journal,license_missing_flag,56553,56553,100.0
journal,license_url_missing_flag,56553,56553,100.0
journal,pdf_url_missing_flag,56553,56553,100.0
journal,author_orcids_missing_flag,56553,56553,100.0
journal,article_number_missing_flag,56553,56553,100.0
journal,authors_clean,56553,56550,99.99
journal,author_disambiguation_available_flag,56553,56553,100.0
repository,source_dataset,59490,59490,100.0
repository,source_institution_id,59490,49871,83.83
repository,source_record_id,59490,59490,100.0
repository,source_datestamp,59490,49871,83.83
repository,openalex_id,59490,12097,20.33
repository,doi,59490,13375,22.48
repository,url,59490,59282,99.65
repository,pdf_url,59490,2909,4.89
repository,title,59490,59485,99.99
repository,abstract,59490,36241,60.92
repository,keywords,59490,46657,78.43
repository,publication_year,59490,59490,100.0
repository,publication_date,59490,59490,100.0
repository,type,59490,58998,99.17
repository,authors,59490,58408,98.18
repository,author_count,59490,12097,20.33
repository,author_affiliations,59490,12097,20.33
repository,author_orcids,59490,1106,1.86
repository,sri_lankan_authors,59490,12096,20.33
repository,contributors,59490,6355,10.68
repository,institutions,59490,12097,20.33
repository,sri_lankan_institutions,59490,12097,20.33
repository,countries,59490,12097,20.33
repository,publisher,59490,50453,84.81
repository,journal,59490,12121,20.37
repository,source_type,59490,59490,100.0
repository,issn,59490,2302,3.87
repository,issn_l,59490,2302,3.87
repository,volume,59490,764,1.28
repository,issue,59490,248,0.42
repository,first_page,59490,2556,4.3
repository,last_page,59490,2545,4.28
repository,article_number,59490,1,0.0
repository,language,59490,59490,100.0
repository,license,59490,5046,8.48
repository,license_url,59490,2834,4.76
repository,oa_status,59490,59490,100.0
repository,is_oa,59490,12097,20.33
repository,citation_count,59490,12101,20.34
repository,reference_count,59490,12101,20.34
repository,concepts,59490,12055,20.26
repository,topics,59490,10843,18.23
repository,primary_topic,59490,10843,18.23
repository,primary_field,59490,10843,18.23
repository,primary_subfield,59490,10843,18.23
repository,primary_domain,59490,10843,18.23
repository,funder_name,59490,151,0.25
repository,funder_doi,59490,118,0.2
repository,funder_identifier,59490,140,0.24
repository,funder_award,59490,94,0.16
repository,source_set_specs,59490,26764,44.99
repository,raw_identifiers,59490,49871,83.83
repository,citation_count_difference_oa_minus_crossref,59490,6258,10.52
repository,citation_count_divergence_flag,59490,6258,10.52
repository,reference_count_difference_oa_minus_crossref,59490,6258,10.52
repository,reference_count_divergence_flag,59490,6258,10.52
repository,title_search_text,59490,59485,99.99
repository,abstract_search_text,59490,36241,60.92
repository,abstract_missing_flag,59490,59490,100.0
repository,keywords_search_text,59490,46657,78.43
repository,funder_name_missing_flag,59490,59490,100.0
repository,funder_doi_missing_flag,59490,59490,100.0
repository,funder_identifier_missing_flag,59490,59490,100.0
repository,funder_award_missing_flag,59490,59490,100.0
repository,license_missing_flag,59490,59490,100.0
repository,license_url_missing_flag,59490,59490,100.0
repository,pdf_url_missing_flag,59490,59490,100.0
repository,author_orcids_missing_flag,59490,59490,100.0
repository,article_number_missing_flag,59490,59490,100.0
repository,authors_clean,59490,58408,98.18
repository,author_disambiguation_available_flag,59490,59490,100.0
unknown,source_dataset,9674,9674,100.0
unknown,source_institution_id,9674,0,0.0
unknown,source_record_id,9674,9674,100.0
unknown,source_datestamp,9674,0,0.0
unknown,openalex_id,9674,9623,99.47
unknown,doi,9674,9146,94.54
unknown,url,9674,9544,98.66
unknown,pdf_url,9674,1208,12.49
unknown,title,9674,9601,99.25
unknown,abstract,9674,1093,11.3
unknown,keywords,9674,0,0.0
unknown,publication_year,9674,9674,100.0
unknown,publication_date,9674,9674,100.0
unknown,type,9674,9674,100.0
unknown,authors,9674,9674,100.0
unknown,author_count,9674,9623,99.47
unknown,author_affiliations,9674,9630,99.55
unknown,author_orcids,9674,864,8.93
unknown,sri_lankan_authors,9674,9623,99.47
unknown,contributors,9674,0,0.0
unknown,institutions,9674,9623,99.47
unknown,sri_lankan_institutions,9674,9623,99.47
unknown,countries,9674,9623,99.47
unknown,publisher,9674,8812,91.09
unknown,journal,9674,7776,80.38
unknown,source_type,9674,0,0.0
unknown,issn,9674,80,0.83
unknown,issn_l,9674,80,0.83
unknown,volume,9674,1737,17.96
unknown,issue,9674,340,3.51
unknown,first_page,9674,7530,77.84
unknown,last_page,9674,7526,77.8
unknown,article_number,9674,18,0.19
unknown,language,9674,9674,100.0
unknown,license,9674,1142,11.8
unknown,license_url,9674,6013,62.16
unknown,oa_status,9674,9674,100.0
unknown,is_oa,9674,9623,99.47
unknown,citation_count,9674,9674,100.0
unknown,reference_count,9674,9674,100.0
unknown,concepts,9674,9609,99.33
unknown,topics,9674,9489,98.09
unknown,primary_topic,9674,9489,98.09
unknown,primary_field,9674,9489,98.09
unknown,primary_subfield,9674,9489,98.09
unknown,primary_domain,9674,9489,98.09
unknown,funder_name,9674,390,4.03
unknown,funder_doi,9674,330,3.41
unknown,funder_identifier,9674,332,3.43
unknown,funder_award,9674,127,1.31
unknown,source_set_specs,9674,0,0.0
unknown,raw_identifiers,9674,0,0.0
unknown,citation_count_difference_oa_minus_crossref,9674,8761,90.56
unknown,citation_count_divergence_flag,9674,8761,90.56
unknown,reference_count_difference_oa_minus_crossref,9674,8761,90.56
unknown,reference_count_divergence_flag,9674,8761,90.56
unknown,title_search_text,9674,9601,99.25
unknown,abstract_search_text,9674,1093,11.3
unknown,abstract_missing_flag,9674,9674,100.0
unknown,keywords_search_text,9674,0,0.0
unknown,funder_name_missing_flag,9674,9674,100.0
unknown,funder_doi_missing_flag,9674,9674,100.0
unknown,funder_identifier_missing_flag,9674,9674,100.0
unknown,funder_award_missing_flag,9674,9674,100.0
unknown,license_missing_flag,9674,9674,100.0
unknown,license_url_missing_flag,9674,9674,100.0
unknown,pdf_url_missing_flag,9674,9674,100.0
unknown,author_orcids_missing_flag,9674,9674,100.0
unknown,article_number_missing_flag,9674,9674,100.0
unknown,authors_clean,9674,9674,100.0
unknown,author_disambiguation_available_flag,9674,9674,100.0
