researcher_id	official_name	display_name	email	profile_url	author_aliases	openalex_author_id	orcid	google_scholar_url	scopus_author_id	roster_status	roster_checked_on
msd-fernando	Prof. M.S.D. Fernando	M.S.D. Fernando	head-cse@uom.lk; shantha@uom.lk	https://uom.lk/staff1/dr-msd-fernando	Shantha Fernando|M.S.D. Fernando|MSD Fernando					current	2026-10-07
gihan-dias	Prof. Gihan Dias	Gihan Dias	gihan@uom.lk	https://uom.lk/staff1/prof-gihan-dias	Gihan Dias|Dias, G					current	2026-10-07
uthayasanker-thayasivam	Prof. T. Uthayasanker	Uthayasanker Thayasivam	rtuthaya@uom.lk	https://uom.lk/staffs/dr-t-uthayasanker	Uthayasanker Thayasivam|Thayasivam Uthayasanker|Thayasivam, Uthayasanker|R. T. Uthayasanker					current	2026-10-07
cd-gamage	Prof. C. D. Gamage	C. D. Gamage	chandag@uom.lk	https://uom.lk/staffs/eng-lt-col-dr-c-d-gamage	Chandana Gamage|C. D. Gamage					current	2026-10-07
dulani-meedeniya	Prof.(Ms) D.A. Meedeniya	Dulani Meedeniya	dulanim@uom.lk	https://uom.lk/staffs/dr-da-meedeniya	Dulani Meedeniya|D. A. Meedeniya|Meedeniya, D					current	2026-10-07
cr-de-silva	Prof. C.R. De Silva	C.R. De Silva	chathura@uom.lk	https://uom.lk/staff1/dr-cr-de-silva	Chathura De Silva|C.R. De Silva|De Silva, CR					current	2026-10-07
gius-perera	Prof. G.I.U.S. Perera	G.I.U.S. Perera	indikaperera@uom.lk	https://uom.lk/staffs/dr-gius-perera	Indika Perera|G. I. U. S. Perera					current	2026-10-07
vsd-jayasena	Prof. V.S.D. Jayasena	V.S.D. Jayasena	sanath@uom.lk	https://uom.lk/staff1/prof-vsd-jayasena	Sanath Jayasena|Jayasena, S					current	2026-10-07
dewv-nanayakkara	Ms. D.E.W.V. Nanayakkara	D.E.W.V. Nanayakkara	vishaka@uom.lk; chair-codl@uom.lk	https://uom.lk/staffs/ms-dewv-nanayakkara	Vishaka Nanayakkara|D.E.W.V. Nanayakkara					current	2026-10-07
amal-shehan-perera	Dr. Amal Shehan Perera	Amal Shehan Perera	shehan@uom.lk	https://uom.lk/staffs/dr-amal-shehan-perera	Amal Shehan Perera|Shehan Perera					current	2026-10-07
sj-sooriyaarachchi	Dr.(Ms) S.J. Sooriyaarachchi	S.J. Sooriyaarachchi	sulochanas@uom.lk	https://uom.lk/staffs/ms-sj-sooriyaarachchi	Sulochana Sooriyaarachchi|S.J. Sooriyaarachchi|SJ Sooriyaarachchi					current	2026-10-07
surangika-ranathunga	Dr.(Ms) Surangika Ranathunga	Surangika Ranathunga	surangikar@uom.lk	https://uom.lk/staffs/dr-ms-surangika-ranathunga	Surangika Ranathunga|Ranathunga, S					current	2026-10-07
gakpr-gunasekara	Dr. G.A.K.P.R. Gunasekara	G.A.K.P.R. Gunasekara	kutilag@uom.lk	https://uom.lk/people/gakpr-gunasekara	Kutila Gunasekara|G.A.K.P.R. Gunasekara					current	2026-10-07
thanuja-ambegoda	Dr. A.L.A.T.D. Ambegoda	Thanuja Ambegoda	thanuja.ambegoda@uom.lk	https://uom.lk/people/dr-alatd-ambegoda	Thanuja D. Ambegoda|Thanuja Ambegoda|Ambegoda, TD					current	2026-10-07
adeesha-wijayasiri	Mr. M.P.A.P. Wijayasiri	M.P.A.P. Wijayasiri	adeeshaw@uom.lk	https://uom.lk/staffs/mr-mpap-wijayasiri	Adeesha Wijayasiri|Wijayasiri, A					current	2026-10-07
nisansa-de-silva	Dr. N.H.N.D. de Silva	Nisansa de Silva	nisansads@uom.lk	https://uom.lk/staff1/mr-nhnd-de-silva	Nisansa de Silva|N.H.N.D. de Silva					current	2026-10-07
rms-rathnayake	Dr. R.M.S. Rathnayake	R.M.S. Rathnayake	sunimalr@uom.lk	https://uom.lk/people/dr-rms-rathnayake	R.M.S. Rathnayake					current	2026-10-07
supunmali-ahangama	Dr. S. Ahangama	S. Ahangama	sapumala@uom.lk	https://uom.lk/people/dr-s-ahangama	Supunmali Ahangama|Sapumal Ahangama|S. Ahangama|Ahangama, S					current	2026-10-07
sandareka-wickramanayake	DR.(Ms) S.K.K. Wickramanayake	Sandareka Wickramanayake	sandarekaw@uom.lk	https://uom.lk/staffs/ms-skk-wickramanayake	Sandareka Wickramanayake|Wickramanayake, S|S.K.K. Wickramanayake					current	2026-10-07
hac-hettiarachchi	Dr. H.A.C. Hettiarachchi	H.A.C. Hettiarachchi	hachathuranga@uom.lk	https://uom.lk/people/dr-hac-hettiarachchi	Chathuranga Hettiarachchi|H.A.C. Hettiarachchi					current	2026-10-07
charith-chitraranjan	Dr. H.M.C.D. Chitraranjan	Charith Chitraranjan	charithc@uom.lk	https://uom.lk/staff1/dr-hmcd-chitraranjan	Charith Chitraranjan|H.M.C.D. Chitraranjan					current	2026-10-07
sachini-weerawardhana	Ms. S.S. Weerawardhana	S.S. Weerawardhana	sachini.sw@uom.lk	https://uom.lk/staff1/ms-ss-weerawardhana	S.S. Weerawardhana					current	2026-10-07
sandareka-fernando	Ms. A.S.K. Fernando	A.S.K. Fernando	sandarekaf@uom.lk	https://uom.lk/staff1/ms-ask-fernando	Sandareka Fernando|A.S.K. Fernando					current	2026-10-07
ss-jayawardena	Ms. S.S. Jayawardena	S.S. Jayawardena	sadarij@uom.lk	https://uom.lk/staffs/ms-ss-jayawardena	S.S. Jayawardena					current	2026-10-07
